<?xml version="1.0" encoding="UTF-8"?>
<beans xmlns="http://www.springframework.org/schema/beans"
	xmlns:xsi="http://www.w3.org/2001/XMLSchema-instance"
	xmlns:p="http://www.springframework.org/schema/p"
	xmlns:context="http://www.springframework.org/schema/context"
	xsi:schemaLocation="http://www.springframework.org/schema/beans
						http://www.springframework.org/schema/beans/spring-beans-3.0.xsd
						http://www.springframework.org/schema/context
						http://www.springframework.org/schema/context/spring-context-3.0.xsd">
	<context:component-scan	base-package="org.springframework.samples.petclinic.web" />
	
	<!-- ※ 『dispatcher-servlet.xml』의 기본 샘플 코드 -->
	<!-- 	 이 코드는 기본 설정에 대한 템플릿을 복사하기 위해 스프링 doc를 참조하여 작성한다. -->
	<!-- 	 ▷ ① 『C:\s-f-3.0.2-with-docs\docs\spring-framework-reference\pdf』 경로로 이동 -->
	<!-- 		② 『spring-framework-reference.pdf』 파일 실행 -->
	<!-- 		③ 본문 내용의 425 페이지(찾아서 직접 이동 : 450 / 805 페이지) -->
	<!-- 		④ 페이지 하단의 XML 파일 샘플코드 복사 & 붙여넣기 -->
	
	<!-- 『BeanNameUrlHandlerMapping』 -->
	<!-- : 규칙을 적어놓은 책을 전달 -->
	<bean id="beanNameUrlHandlerMapping" class="org.springframework.web.servlet.handler.BeanNameUrlHandlerMapping">
		<property name="alwaysUseFullPath" value="true"></property>
		<property name="order" value="1"></property>
	</bean>
	
	<!-- 
		※ 『BeanNameUrlHandlerMapping』
			HTTP 요청 URL과 빈(bean)의 이름을 비교하여
			일치하는 빈(bean)을 찾아주는 역할을 수행한다.
			빈 이름에는 『*』, 『**』, 『?』를 이용한 패턴을 넣을 수 있다.
			(ANT 패턴)
			하지만, 컨트롤러의 갯수가 많아지면
			URL 정보가 XML이나 Annotation에 분산되어 파악이 어렵기 때문에
			복잡한 애플리케이션에서는 사용하지 않는 것이 바람직하다.
			
			ex)
			<bean name="/hello*" class="HelloController" />
			→ hello로 시작하면 모두 여기에 매핑된다.
			
			<bean name="/root/**/sub" class="SubController" />
			→ 『**』는 하나 이상의 경로를 매핑할 수 있다.
			
			- alwaysUseFullPath
			  : URL 매핑은 기본적으로
			    『애플리케이션 컨텍스트 패스』, 『서블릿 패스』를 제외한
			    나머지만 가지고 비교하게 된다.
			    즉, 애플리케이션이 『/test』에 배포되고
			    DispatcherServlet URL mapping이 『/app/*』일 경우
			    전체 URL은 『/test/app/hello』와 같은 형태가 되지만
			    핸들러 매핑은 『/hello』만을 대상으로 삼는다는 의미이다.
			    이는 애플리케이션이나 서블릿이 변경되어도
			    애플리케이션의 매핑 구조는 영향을 받지 않게 하기 위해서이다.
			    『alwaysUseFullPath』 옵션을 true로 설정하면
			    이를 해제하고 모든 URL을 대상으로 변경할 수 있다.
			    
			 - order
			   : 핸들러 매핑은 한 개 이상을 동시에 사용할 수 있다.
			     한 개의 매핑으로 사용하는 것이 이상적이지만,
			     그렇지 않은 상황이 존재한다.
			     두 개 이상의 핸들러 매핑이 등록된 상황에서
			     URL이 중복 매핑될 경우,
			     『order』 프로퍼티를 통해 매핑 우선순위를 지정할 수 있다.
			     『order』 프로퍼티의 값이 작은 매핑 전략이 높은 우선순위를 갖는다.
	 -->
	
	<!-- 『InternalResourceViewResolver』 -->
	<!-- : View의 기본적인 형식을 지정 → Controller에서 이름만 지정하면 작동한다! -->
	<bean id="viewResolver" class="org.springframework.web.servlet.view.InternalResourceViewResolver">
		<property name="prefix" value="/WEB-INF/view/"></property>
		<property name="suffix" value=".jsp"></property>
	</bean>
	
	<!-- 
		※ 『InternalResourceViewResolver』
			스프링 컨트롤러는 뷰에 의존적이지 않다.
			컨트롤러가 지정한 뷰 이름으로부터
			응답 결과 화면을 생성하는 뷰 객체는 ViewResolver가 얻어낸다.
			스프링은 몇 가지 ViewResolver 구현 클래스를 제공하고 있는데,
			이 중 주요 ViewResolver 구현 클래스는 다음과 같다.
			
			- InternalResourceViewResolver
			  : 뷰 이름으로부터 JSP나 타일즈(Tiles) 연동을 위한
			    View 객체를 반환한다.
			- VelocityViewResolver
			  : 뷰 이름으로부터 Velocity 연동을 위한 View 객체를 반환한다.
			- VelocityLayoutViewResolver
			  : VelocityViewResolver의 하위 객체로
			    VelocityViewResolver와 동일한 기능을 제공하며,
			    이에 더하여 Velocity의 레이아웃 기능을 제공한다.
			- BeanNameViewResolver
			  : 뷰 이름과 같은 이름을 갖는 빈 객체를 View 객체로 사용한다.
			- ResourceBundleViewResolver
			  : 뷰 이름과 View 객체 간 매핑 정보를 저장하기 위해
			    Resource 파일을 사용한다.
			- XmlViewResolver
			  : 뷰 이름과 View 객체 간 매핑 정보를 저장하기 위해
			    XML 파일을 사용한다.
			    
		※ ViewResolver Interface
		   - ViewResolver는 뷰 이름과 지역화를 위한 Locale을 파라미터로 전달받으며,
		     매핑되는 View 객체를 반환한다.
		     매핑되는 View 객체가 존재하지 않으면 null을 반환한다.
		     
		※ View 객체
		   - 『getContentType()』 메소드는 『"text/html"』과 같은
		     응답 결과의 컨텐츠 타입을 반환한다.
		     『render()』메소드는 실제로 응답 결과를 생성한다.
		     『render()』메소드의 첫 번째 파라미터인 model에는
		     컨트롤러가 반환한 ModelAndView 객체의 모델 데이터가 전달된다.
		     각각의 View 객체는 이 모델 데이터로부터 응답 결과를 생성하는데
		     필요한 정보를 얻어낸다.
		 
		 ※ InternalResourceViewResolver 설정
		    - InternalResourceViewResolver 클래스는 JSP나 HTML 파일과 같이
		      웹 애플리케이션의 내부 Resource를 이용하여 뷰를 생성하는
		      AbstractUrlBasedView 타입의 뷰 객체를 반환한다.
		      기본적으로 사용하는 뷰 클래스는 InternalResourceView 클래스이다.
		      
		    - InternalResourceViewResolver는
		      컨트롤러가 지정한 뷰 이름으로부터 실제로 사용될 뷰를 선택하는데,
		      이 때, 컨트롤러가 지정한 뷰 이름 앞뒤로
		      prefix 프로퍼티와 suffix 프로퍼티를 추가한 값이
		      실제로 사용될 Resource의 경로가 된다.
	 -->
	
	<!-- ※ 사용자 정의 Controller 객체 등록 및 요청 URL 매핑 주소 등록 -->

	<!-- DataSource 등록 : SimpleDriverDataSource -->
	<bean name="myDataSource" class="org.springframework.jdbc.datasource.SimpleDriverDataSource">
		<property name="driverClass" value="oracle.jdbc.driver.OracleDriver"></property>
		<property name="url" value="jdbc:oracle:thin:@211.238.142.58:1521:xe"></property>
		<property name="username" value="scott"></property>
		<property name="password" value="tiger"></property>
	</bean>
	<!-- 중복 적용 가능 -->

	<!-- DAO 등록 -->
	<bean id="employeeDAO" class="com.test.mvc.EmployeeDAO">
		<property name="dataSource" ref="myDataSource"></property>
	</bean>
	
	<bean id="regionDAO" class="com.test.mvc.RegionDAO">
		<property name="dataSource" ref="myDataSource"></property>
	</bean>
	
	<bean id="departmentDAO" class="com.test.mvc.DepartmentDAO">
		<property name="dataSource" ref="myDataSource"></property>
	</bean>
	
	<bean id="positionDAO" class="com.test.mvc.PositionDAO">
		<property name="dataSource" ref="myDataSource"></property>
	</bean>
	
	
	
	<!-- 직원 리스트 Controller 등록 -->
	<bean name="/employeelist.action" class="com.test.mvc.EmployeeListController">
		<property name="dao" ref="employeeDAO"></property>
	</bean>
	
	<!-- 직원 데이터 입력 폼 Controller 등록 -->
	<bean name="/employeeinsertform.action" class="com.test.mvc.EmployeeInsertFormController">
		<property name="dao" ref="employeeDAO"></property>
	</bean>
	
	<!-- AJAX 관련 Controller 등록 -->
	<bean name="/ajax.action" class="com.test.mvc.AjaxController">
		<property name="dao" ref="employeeDAO"></property>
	</bean>
	
	<!-- 직원 데이터 입력 액션 Controller 등록 -->
	<bean name="/employeeinsert.action" class="com.test.mvc.EmployeeInsertController">
		<property name="dao" ref="employeeDAO"></property>
	</bean>
	
	<!-- ★ check -->
	<!-- 기존의 직원 데이터 입력 폼 Controller 등록 내용과 비교 -->
	<!-- 직원 데이터 수정 폼 Controller 등록 -->
	<bean name="/employeeupdateform.action" class="com.test.mvc.EmployeeUpdateFormController">
		<property name="employeeDAO" ref="employeeDAO"></property>
		<property name="regionDAO" ref="regionDAO"></property>
		<property name="departmentDAO" ref="departmentDAO"></property>
		<property name="positionDAO" ref="positionDAO"></property>
	</bean>
	
	<!-- 직원 데이터 수정 액션 Controller 등록 -->
	<bean name="/employeeupdate.action" class="com.test.mvc.EmployeeUpdateController">
		<property name="dao" ref="employeeDAO"></property>
	</bean>
	
	<!-- ssn2 유효성 검사 Controller 등록 -->
	<bean name="/ajaxssn.action" class="com.test.mvc.AjaxSsnController">
		<property name="dao" ref="employeeDAO"></property>
	</bean>
	
	<!-- 직원 데이터 삭제 액션 Controller 등록 -->
	<bean name="/employeedelete.action" class="com.test.mvc.EmployeeDeleteController">
		<property name="dao" ref="employeeDAO"></property>
	</bean>
	
	<!-- Login 폼 페이지 요청 Controller 등록 -->
	<bean name="/loginform.action" class="com.test.mvc.LoginFormController">
	</bean>
	
	<!-- Login 액션 Controller 등록 -->
	<bean name="/login.action" class="com.test.mvc.LoginController">
		<property name="dao" ref="employeeDAO"></property>
	</bean>
	
	<!-- Logout 액션 Controller 등록 -->
	<bean name="/logout.action" class="com.test.mvc.LogoutController">
	</bean>
	
	<!-- 직원 리스트 Controller 등록 (일반 회원) -->
	<bean name="/emplist.action" class="com.test.mvc.EmpListController">
		<property name="dao" ref="employeeDAO"></property>
	</bean>
	
	
	<!-- 지역 리스트 Controller 등록 -->
	<bean name="/regionlist.action" class="com.test.mvc.RegionListController">
		<property name="dao" ref="regionDAO"></property>
	</bean>
	
	<!-- 지역 데이터 입력 폼 Controller 등록 -->
	<bean name="/regioninsertform.action" class="com.test.mvc.RegionInsertFormController">
	</bean>
	
<!-- 	RegionAJAX 관련  -->
	<bean name="/regionajax.action" class="com.test.mvc.RegionAjaxController">
		<property name="dao" ref="regionDAO"></property>
	</bean>
	
<!-- 	지역 데이터 입력 액션 Controller 등록 -->
	<bean name="/regioninsert.action" class="com.test.mvc.RegionInsertController">
		<property name="dao" ref="regionDAO"></property>
	</bean>
	
	
	
<!-- 	직위 리스트 Controller 등록 -->
	<bean name="/positionlist.action" class="com.test.mvc.PositionListController">
		<property name="dao" ref="positionDAO"></property>
	</bean>
	
<!-- 	직위 데이터 입력 폼 Controller 등록 -->
	<bean name="/positioninsertform.action" class="com.test.mvc.PositionInsertFormController">
	</bean>
	
<!-- 	직위 데이터 입력 액션 Controller 등록 -->
	<bean name="/positioninsert.action" class="com.test.mvc.PositionInsertController">
		<property name="dao" ref="positionDAO"></property>
	</bean>
	
<!-- 	PositionAJAX 관련 Controller 등록 -->

	<bean name="/positionajax.action" class="com.test.mvc.PositionAjaxController">
		<property name="dao" ref="positionDAO"></property>
	</bean>

<!-- 직원 데이터 수정 폼 Controller 등록 -->
	<bean name="/positionupdateform.action" class="com.test.mvc.PositionUpdateFormController">
		<property name="dao" ref="positionDAO"></property>
	</bean>

<!-- 직원 데이터 수정 액션 COntroller 등록 -->
	<bean name="/positionupdate.action" class="com.test.mvc.PositionUpdateController">
		<property name="dao" ref="positionDAO"></property>
	</bean>

<!-- 직원 데이터 삭제 액션 Controller 등록 -->
	<bean name="/positiondelete.action" class="com.test.mvc.PositionDeleteController">
		<property name="dao" ref="positionDAO"></property>
	</bean>



	<!-- 부서 리스트 Controller 등록 -->

	<bean name="/departmentlist.action" class="com.test.mvc.DepartmentListController">
		<property name="dao" ref="departmentDAO"></property>
	</bean>

	<!-- 부서 데이터 입력 폼 Controller 등록 -->
	<bean name="/departmentinsertform.action" class="com.test.mvc.DepartmentInsertFormController">
	</bean>


	<!-- 부서 데이터 입력 액션 Controller 등록 -->
	<bean name="/departmentinsert.action" class="com.test.mvc.DepartmentInsertController">
		<property name="dao" ref="departmentDAO"></property>
	</bean>
	
	<!-- departmentAJAX 관련 Controller 등록 -->
	<bean name="/departmentajax.action" class="com.test.mvc.DepartmentAjaxController">
		<property name="dao" ref="departmentDAO"></property>
	</bean>

	<!-- 부서 데이터 수정 폼 Controller 등록 -->
	<bean name="/departmentupdateform.action" class="com.test.mvc.DepartmentUpdateFormController">
		<property name="dao" ref="departmentDAO"></property>
	</bean>

	<!-- 부서 데이터 수정 액션 Controller 등록 -->
	<bean name="/departmentupdate.action" class="com.test.mvc.DepartmentUpdateController">
		<property name="dao" ref="departmentDAO"></property>
	</bean>
	

</beans>